{"cameraMode":{"drawMode":0,"name":"Shaded","section":"Shading Mode"},"sceneLighting":false,"audioPlay":false,"sceneViewState":{"showFog":true,"showMaterialUpdate":true,"showSkybox":true,"showFlares":true,"showImageEffects":true,"showParticleSystems":true},"in2DMode":false,"pivot":{"x":1.852651596069336,"y":1.047969937324524,"z":-0.33816736936569216},"rotation":{"x":0.08839151263237,"y":-0.13965819776058198,"z":0.012563052587211132,"w":0.9861667156219482},"size":2.764735698699951,"orthographic":false}