{"cameraMode":{"drawMode":0,"name":"Shaded","section":"Shading Mode"},"sceneLighting":true,"audioPlay":false,"sceneViewState":{"showFog":true,"showMaterialUpdate":true,"showSkybox":true,"showFlares":true,"showImageEffects":true,"showParticleSystems":true},"in2DMode":false,"pivot":{"x":-0.481076180934906,"y":-14.084263801574707,"z":-3.047305107116699},"rotation":{"x":0.13103707134723664,"y":0.3312762379646301,"z":-0.04651517793536186,"w":0.9332318305969238},"size":89.5277328491211,"orthographic":false}