{"cameraMode":{"drawMode":0,"name":"Shaded","section":"Shading Mode"},"sceneLighting":false,"audioPlay":false,"sceneViewState":{"showFog":true,"showMaterialUpdate":true,"showSkybox":true,"showFlares":true,"showImageEffects":true,"showParticleSystems":true},"in2DMode":false,"pivot":{"x":9.78499984741211,"y":1.0034475326538087,"z":8.604618072509766},"rotation":{"x":-0.06291160732507706,"y":-0.9267426133155823,"z":0.18015237152576447,"w":-0.3236285150051117},"size":53.66819763183594,"orthographic":false}