{"cameraMode":{"drawMode":0,"name":"Shaded","section":"Shading Mode"},"sceneLighting":false,"audioPlay":false,"sceneViewState":{"showFog":true,"showMaterialUpdate":true,"showSkybox":true,"showFlares":true,"showImageEffects":true,"showParticleSystems":true},"in2DMode":false,"pivot":{"x":-2.6536030769348146,"y":1.0190000534057618,"z":2.4608705043792726},"rotation":{"x":-0.2464795708656311,"y":0.07895856350660324,"z":-0.020198708400130273,"w":-0.9657149910926819},"size":0.7484819293022156,"orthographic":false}