{"cameraMode":{"drawMode":0,"name":"Shaded","section":"Shading Mode"},"sceneLighting":false,"audioPlay":false,"sceneViewState":{"showFog":true,"showMaterialUpdate":true,"showSkybox":true,"showFlares":true,"showImageEffects":true,"showParticleSystems":true},"in2DMode":false,"pivot":{"x":-3.286543846130371,"y":0.4328126907348633,"z":8.604619026184082},"rotation":{"x":-0.029306896030902864,"y":-0.9642908573150635,"z":0.23382893204689027,"w":-0.12086475640535355},"size":5.74289083480835,"orthographic":false}