{"cameraMode":{"drawMode":0,"name":"Shaded","section":"Shading Mode"},"sceneLighting":true,"audioPlay":false,"sceneViewState":{"showFog":true,"showMaterialUpdate":true,"showSkybox":true,"showFlares":true,"showImageEffects":true,"showParticleSystems":true},"in2DMode":false,"pivot":{"x":-36.65182113647461,"y":19.7548770904541,"z":84.89248657226563},"rotation":{"x":0.13451145589351655,"y":-0.1497795581817627,"z":0.020573457702994348,"w":0.9793106913566589},"size":820.609375,"orthographic":false}