{"cameraMode":{"drawMode":0,"name":"Shaded","section":"Shading Mode"},"sceneLighting":false,"audioPlay":false,"sceneViewState":{"showFog":true,"showMaterialUpdate":true,"showSkybox":true,"showFlares":true,"showImageEffects":true,"showParticleSystems":true},"in2DMode":false,"pivot":{"x":7.022832870483398,"y":1.0595910549163819,"z":5.12850284576416},"rotation":{"x":-0.06977396458387375,"y":-0.5203808546066284,"z":0.042705368250608447,"w":-0.8500068187713623},"size":2.1594631671905519,"orthographic":false}