{"cameraMode":{"drawMode":0,"name":"Shaded","section":"Shading Mode"},"sceneLighting":false,"audioPlay":false,"sceneViewState":{"showFog":true,"showMaterialUpdate":true,"showSkybox":true,"showFlares":true,"showImageEffects":true,"showParticleSystems":true},"in2DMode":false,"pivot":{"x":-16.20771026611328,"y":-0.20136037468910218,"z":-15.373126983642579},"rotation":{"x":-0.3280625641345978,"y":0.12809647619724275,"z":-0.04495181888341904,"w":-0.9348505735397339},"size":16.83008575439453,"orthographic":false}