{"cameraMode":{"drawMode":0,"name":"Shaded","section":"Shading Mode"},"sceneLighting":false,"audioPlay":false,"sceneViewState":{"showFog":true,"showMaterialUpdate":true,"showSkybox":true,"showFlares":true,"showImageEffects":true,"showParticleSystems":true},"in2DMode":false,"pivot":{"x":-2.630000114440918,"y":-0.1704716682434082,"z":8.130000114440918},"rotation":{"x":0.039829038083553317,"y":-0.9600990414619446,"z":0.2016274631023407,"w":0.18965700268745423},"size":17.147310256958009,"orthographic":false}