{"cameraMode":{"drawMode":0,"name":"Shaded","section":"Shading Mode"},"sceneLighting":false,"audioPlay":false,"sceneViewState":{"showFog":true,"showMaterialUpdate":true,"showSkybox":true,"showFlares":true,"showImageEffects":true,"showParticleSystems":true},"in2DMode":false,"pivot":{"x":14.757000923156739,"y":-0.370283842086792,"z":-10.581193923950196},"rotation":{"x":-0.0879090204834938,"y":-0.7774285674095154,"z":0.11153833568096161,"w":-0.6127284169197083},"size":3.242025136947632,"orthographic":false}