{"cameraMode":{"drawMode":0,"name":"Shaded","section":"Shading Mode"},"sceneLighting":true,"audioPlay":false,"sceneViewState":{"showFog":true,"showMaterialUpdate":true,"showSkybox":true,"showFlares":true,"showImageEffects":true,"showParticleSystems":true},"in2DMode":false,"pivot":{"x":-0.43922901153564455,"y":2.400824546813965,"z":-1.677051305770874},"rotation":{"x":0.008609847165644169,"y":-0.8529453873634338,"z":-0.01407569833099842,"w":-0.5217393636703491},"size":15.536441802978516,"orthographic":false}