{"cameraMode":{"drawMode":0,"name":"Shaded","section":"Shading Mode"},"sceneLighting":true,"audioPlay":false,"sceneViewState":{"showFog":true,"showMaterialUpdate":true,"showSkybox":true,"showFlares":true,"showImageEffects":true,"showParticleSystems":true},"in2DMode":false,"pivot":{"x":-0.34047842025756838,"y":0.659106969833374,"z":0.6161539554595947},"rotation":{"x":0.11969155818223953,"y":-0.018136581405997278,"z":0.002185194520279765,"w":0.9926430583000183},"size":824.6541748046875,"orthographic":false}