{"cameraMode":{"drawMode":0,"name":"Shaded","section":"Shading Mode"},"sceneLighting":true,"audioPlay":false,"sceneViewState":{"showFog":true,"showMaterialUpdate":true,"showSkybox":true,"showFlares":true,"showImageEffects":true,"showParticleSystems":true},"in2DMode":false,"pivot":{"x":-1.590550422668457,"y":3.5806684494018556,"z":11.784651756286621},"rotation":{"x":-0.11006956547498703,"y":0.7010793685913086,"z":-0.11090470105409622,"w":-0.6957533359527588},"size":41.22396469116211,"orthographic":false}