{"cameraMode":{"drawMode":0,"name":"Shaded","section":"Shading Mode"},"sceneLighting":false,"audioPlay":false,"sceneViewState":{"showFog":true,"showMaterialUpdate":true,"showSkybox":true,"showFlares":true,"showImageEffects":true,"showParticleSystems":true},"in2DMode":false,"pivot":{"x":-1.202948808670044,"y":-0.5881752967834473,"z":-7.765415191650391},"rotation":{"x":0.042062703520059589,"y":-0.9575714468955994,"z":0.18763698637485505,"w":0.2146628499031067},"size":0.7369439005851746,"orthographic":false}