{"cameraMode":{"drawMode":0,"name":"Shaded","section":"Shading Mode"},"sceneLighting":false,"audioPlay":false,"sceneViewState":{"showFog":true,"showMaterialUpdate":true,"showSkybox":true,"showFlares":true,"showImageEffects":true,"showParticleSystems":true},"in2DMode":false,"pivot":{"x":-3.286543846130371,"y":0.4328126907348633,"z":8.604619026184082},"rotation":{"x":0.005813252180814743,"y":-0.9933235049247742,"z":0.09956030547618866,"w":0.05798632279038429},"size":3.0428900718688967,"orthographic":false}