{"cameraMode":{"drawMode":0,"name":"Shaded","section":"Shading Mode"},"sceneLighting":false,"audioPlay":false,"sceneViewState":{"showFog":true,"showMaterialUpdate":true,"showSkybox":true,"showFlares":true,"showImageEffects":true,"showParticleSystems":true},"in2DMode":false,"pivot":{"x":-2.630000114440918,"y":-0.1704716682434082,"z":8.130000114440918},"rotation":{"x":0.06441652774810791,"y":-0.7971088290214539,"z":0.08642323315143585,"w":0.5941372513771057},"size":1.6922101974487305,"orthographic":false}