{"cameraMode":{"drawMode":0,"name":"Shaded","section":"Shading Mode"},"sceneLighting":false,"audioPlay":false,"sceneViewState":{"showFog":true,"showMaterialUpdate":true,"showSkybox":true,"showFlares":true,"showImageEffects":true,"showParticleSystems":true},"in2DMode":false,"pivot":{"x":6.613286972045898,"y":0.5647463798522949,"z":-4.972409725189209},"rotation":{"x":0.008609847165644169,"y":-0.8529453873634338,"z":-0.01407569833099842,"w":-0.5217393636703491},"size":20.714502334594728,"orthographic":false}